{"train/loss": 1.481, "train/grad_norm": 23.125, "train/learning_rate": 1.387761527519263e-05, "train/epoch": 1.0, "train/global_step": 491, "_timestamp": 1746654652.6968505, "_runtime": 105.3986165523529, "_step": 0, "_wandb": {"runtime": 112}}